11DOCRTSLtr.rxn	25	CC12CCC(=O)C=C1CCC1C2CCC2(C)C1CCC2(O)C(=O)CO
1314EPXDPAHL2.rxn	25	CC/C=C\C/C=C\CC1OC1/C=C/C=C/C=C\CCCCCC(=O)[O-]
1314EPXDPAHL2.rxn	26	CC/C=C\C/C=C\CC(O)C(O)/C=C/C=C/C=C\CCCCCC(=O)[O-]
14SHDHAtmr.rxn	25	CC/C=C\C/C=C\CC(O)/C=C/C=C\C/C=C\C/C=C\CCC(=O)[O-]
17SHPDHAOXe.rxn	2	O=O
17SHPDHAOXe.rxn	26	CC/C=C\CC(/C=C/C=C\C/C=C\C/C=C\C/C=C\CCC(=O)[O-])OO
17SHPDHAOXe.rxn	28	CC/C=C\CC(/C=C/C=C\C=C\C(C/C=C/C/C=C\CCC(=O)[O-])OO)OO
1HDCA2ARACHDG3PCtlr.rxn	54	CCCCC/C=C/C/C=C\C/C=C\C/C=C/CCCC(=O)O[C@H](COC(=O)CCCCCCCCCCCCCCC)COP(=O)([O-])OCC[N+](C)(C)C
1OCDCA2ARACHDG3PETAMNATr.rxn	33	CCCCCCCCCCCCCCCC(=O)OCC(O)COP(=O)([O-])OCC[N+](C)(C)C
1OCDCA2ARACHDG3PETAMNATr.rxn	53	CCCCC/C=C\C/C=C\C/C=C\C/C=C\CCCC(=O)OC(COC(=O)CCCCCCCCCCCCCCCCC)COP(=O)(O)OCCN
1OCDCA2ARACHDG3PETAMNATr.rxn	32	CCCCCCCCCCCCCCCCCC(=O)OCC(O)COP(=O)(O)OCCN
2HATVACIDthc.rxn	4	O=C([O-])O
2SMN2DEOXPGLC15LAC_Dt.rxn	16	NC1C(=O)OC(COP(=O)([O-])[O-])C(O)C1O
3C3HMPt.rxn	12	CC(C)C(O)(CC(=O)[O-])C(=O)[O-]
3HPVStep.rxn	31	CC(O)C(C)C(=O)OC1CC(O)C=C2C=CC(C)C(CCC(O)CC(O)CC(=O)[O-])C21
3SALAASPm.rxn	9	NC(CS(=O)[O-])C(=O)[O-]
4MOPNASt.rxn	9	CC(C)CC(=O)C(=O)[O-]
5GCOXCHROMNLCRNAt.rxn	11	C[N+](C)(C)CC(O)CC(=O)[O-]
5GCOXCHROMNLCRNAt.rxn	32	Cc1c(O)cc2c(c1C)O[C@@](C)(CCC[C@H](C)C(=O)O[C@@H](CC(=O)[O-])C[N+](C)(C)C)CC2
6CSMVACIDhep.rxn	32	CCC(C)(C)C(=O)OC1CC(C(=O)[O-])C=C2C=CC(C)C(CCC3CC(O)CC(=O)O3)C21
6CSMVACIDhep.rxn	33	CCC(C)(C)C(=O)OC1CC(C(=O)[O-])C=C2C=CC(C)C(CCC(O)CC(O)CC(=O)[O-])C21
7ACOXTCTRNLCOA_3OXFAOXCOA.rxn	48	CC(C)(COP(=O)(O)OP(=O)(O)OCC1OC(n2cnc3c(N)ncnc32)C(O)C1OP(=O)([O-])[O-])C(O)C([O-])=NCCC([O-])=NCCS
7ACOXTCTRNLCOA_3OXFAOXCOA.rxn	73	C/C(=C\CCC1(C)CCc2c(C)c([O-])c(C)c(C)c2O1)C(=O)CC(=O)SCCN=C([O-])CCN=C([O-])C(O)C(C)(C)COP(=O)(O)OP(=O)(O)OCC1OC(n2cnc3c(N)ncnc32)C(O)C1OP(=O)([O-])O
7HPVStev.rxn	31	CCC(C)C(=O)OC1C(O)C=CC2=CC(O)C(C)C(CCC(O)CC(O)CC(=O)[O-])C21
ACACNAMg.rxn	51	CC(=O)SCCN=C([O-])CCN=C([O-])C(O)C(C)(C)COP(=O)(O)OP(=O)(O)OCC1OC(n2cnc3c(N)ncnc32)C(O)C1OP(=O)([O-])[O-]
ACACNAMg.rxn	21	CC([O-])=NC1C(O)CC(O)(C(=O)O)OC1C(O)C(O)CO
ACG3PC_1OHDXDC.rxn	32	CCCCCCCCCCCCCCCCOCC(O)COP(=O)([O-])OCC[N+](C)(C)C
ACG3PC_1OHDXDC.rxn	35	CCCCCCCCCCCCCCCCOCC(COP(=O)([O-])OCC[N+](C)(C)C)OC(C)=O
ACHOMm.rxn	8	NC(CCO)C(=O)O
ACHOMm.rxn	11	CC([O-])=NC(CCO)C(=O)O
ACONTm.rxn	13	O=C([O-])CC(O)(CC(=O)[O-])C(=O)[O-]
ACONTm.rxn	13	O=C([O-])CC(C(=O)[O-])C(O)C(=O)[O-]
ACt.rxn	4	CC(=O)[O-]
ADRNLPVESSEC.rxn	31	Nc1ncnc2c1ncn2C1OC(COP(=O)([O-])OP(=O)([O-])OP(=O)([O-])[O-])C(O)C1O
ADRNLPVESSEC.rxn	13	C[NH2+]CC(O)c1ccc(O)c(O)c1
ADRNLPVESSEC.rxn	27	Nc1ncnc2c1ncn2C1OC(COP(=O)([O-])OP(=O)([O-])[O-])C(O)C1O
AKR1C42.rxn	44	NC(=O)C1=CN(C2OC(COP(=O)([O-])OP(=O)([O-])OCC3OC(n4cnc5c(N)ncnc54)C(O)C3O)C(O)C2O)C=CC1
AKR1C42.rxn	30	CC(C)CCCC(C)C1CCC2C3C(O)CC4CC(=O)CCC4(C)C3CC(O)C12C
AKR1C42.rxn	44	NC(=O)c1ccc[n+](C2OC(COP(=O)([O-])OP(=O)([O-])OCC3OC(n4cnc5c(N)ncnc54)C(O)C3O)C(O)C2O)c1
AKR1C42.rxn	30	CC(C)CCCC(C)C1CCC2C3C(O)CC4CC(O)CCC4(C)C3CC(O)C12C
ALAt2rL.rxn	6	CC(N)C(=O)O
AM1CCSitr.rxn	86	CCC1/N=C(/O)C(C2OC(CCO)CC2C)N(C)C(=O)C(C(C)C)N(C)C(=O)C(CC(C)C)N(C)C(=O)C(CC(C)C)N(C)C(=O)C(C)/N=C(/O)C(C)/N=C(/O)C(CC(C)C)N(C)C(=O)C(C(C)C)/N=C(\O)C(CC(C)C)N(C)C(=O)CN(C)C1=O
AMPtx.rxn	23	Nc1ncnc2c1ncn2C1OC(COP(=O)([O-])[O-])C(O)C1O
APSTA.rxn	23	Nc1ncnc2c1ncn2C1OC(COP(N)(=O)[O-])C(O)C1O
ARACHDCOAEFAOXHDxx.rxn	69	CCCCC/C=C\C/C=C\C/C=C\C/C=C\C/C=C/C(=O)SCCN=C([O-])CCN=C([O-])C(O)C(C)(C)COP(=O)(O)OP(=O)(O)OCC1OC(n2cnc3c(N)ncnc32)C(O)C1OP(=O)([O-])[O-]
ARACHDCOAEFAOXHDxx.rxn	70	CCCCC/C=C\C/C=C\C/C=C\C/C=C\CC(O)CC(=O)SCCN=C([O-])CCN=C([O-])C(O)C(C)(C)COP(=O)(O)OP(=O)(O)OCC1OC(n2cnc3c(N)ncnc32)C(O)C1OP(=O)([O-])[O-]
ARACHDt2.rxn	22	CCCCC/C=C\C/C=C\C/C=C\C/C=C\CCCC(=O)[O-]
ARGTYRVALr.rxn	32	[H]/N=C(/N)NCCCC([NH3+])C(O)=NC(Cc1ccc(O)cc1)C(O)=NC(C(=O)O)C(C)C
ARGTYRVALr.rxn	13	[H]/N=C(/N)NCCCC([NH3+])C(=O)O
ARGTYRVALr.rxn	13	NC(Cc1ccc(O)cc1)C(=O)O
ARGTYRVALr.rxn	8	CC(C)C(N)C(=O)O
ASNMETPROr.rxn	25	[H]/N=C(\O)CC(N)C(O)=NC(CCSC)C(=O)N1CCCC1C(=O)O
ASNMETPROr.rxn	9	CSCCC(N)C(=O)O
ASNMETPROr.rxn	10	[H]/N=C(/O)CC(N)C(=O)O
ASNMETPROr.rxn	8	O=C(O)C1CCCN1
ASP_LPIHAtm.rxn	9	NC(CC(=O)[O-])C(=O)O
AXOLONE25OHtc.rxn	30	CC(CCCC(C)(C)O)C1CCC2C3C(O)CC4=CC(=O)CCC4(C)C3CCC12C
BGAL2l.rxn	81	CCCCCCCCCCCCC/C=C/C(O)C(COC1OC(CO)C(OC2OC(CO)C(OC3OC(CO)C(O)C(OC4OC(CO)C(O)C(O)C4O)C3N=C(C)O)C(O)C2O)C(O)C1O)N=C(O)CCCCCCCCCCC
BGAL2l.rxn	70	CCCCCCCCCCCCC/C=C/C(O)C(COC1OC(CO)C(OC2OC(CO)C(OC3OC(CO)C(O)C(O)C3N=C(C)O)C(O)C2O)C(O)C1O)N=C(O)CCCCCCCCCCC
BGAL2l.rxn	12	OCC1OC(O)C(O)C(O)C1O
BUT34DOHtmr.rxn	8	O=C([O-])CC(O)CO
BUTCRNtr.rxn	16	CCCC(=O)OC(CC(=O)[O-])C[N+](C)(C)C
C12OHc.rxn	62	CCCCCCCCCC(O)CC(=O)SCCN=C([O-])CCN=C([O-])C(O)C(C)(C)COP(=O)(O)OP(=O)(O)OCC1OC(n2cnc3c(N)ncnc32)C(O)C1OP(=O)([O-])[O-]
C12OHc.rxn	25	CCCCCCCCCC(O)CC(=O)OC(CC(=O)[O-])C[N+](C)(C)C
C2tcx.rxn	14	CC(=O)OC(CC(=O)[O-])C[N+](C)(C)C
CDCHAC3OXt2.rxn	28	CC(CCC(=O)[O-])C1CCC2C3C(O)CC4CC(=O)CCC4(C)C3CCC12C
CE6031NASt.rxn	25	CC12CCC3C(CCC4CC(OS(=O)(=O)[O-])CCC43C)C1CCC2=O
CHAC3OXRED.rxn	48	NC(=O)C1=CN(C2OC(COP(=O)([O-])OP(=O)([O-])OCC3OC(n4cnc5c(N)ncnc54)C(OP(=O)([O-])[O-])C3O)C(O)C2O)C=CC1
CHAC3OXRED.rxn	29	CC(CCC(=O)[O-])C1CCC2C3C(O)CC4CC(=O)CCC4(C)C3CC(O)C12C
CHAC3OXRED.rxn	48	NC(=O)c1ccc[n+](C2OC(COP(=O)([O-])OP(=O)([O-])OCC3OC(n4cnc5c(N)ncnc54)C(OP(=O)([O-])[O-])C3O)C(O)C2O)c1
CHAC3OXRED.rxn	29	CC(CCC(=O)[O-])C1CCC2C3C(O)CC4CC(O)CCC4(C)C3CC(O)C12C
CLDCOHOX.rxn	21	OC1C2(Cl)C3(Cl)C4(Cl)C(Cl)(Cl)C5(Cl)C3(Cl)C1(Cl)C5(Cl)C24Cl
CLDCOHOX.rxn	21	O=C1C2(Cl)C3(Cl)C4(Cl)C(Cl)(Cl)C5(Cl)C3(Cl)C1(Cl)C5(Cl)C24Cl
CO2tn.rxn	3	O=C=O
CRBS_ASCLP_GALHLl.rxn	51	CCCCCC/C=C\CCCCCCCCCC(O)=NC(COC1OC(CO)C(O)C(O)C1O)C(O)/C=C/CCCCCCCCCCCCC
CRBS_ASCLP_GALHLl.rxn	40	CCCCCC/C=C\CCCCCCCCCC(O)=NC(CO)C(O)/C=C/CCCCCCCCCCCCC
CRBS_HCSA_LACHLl.rxn	70	CCCCCCCCCCCCC/C=C/C(O)C(COC1OC(CO)C(OC2OC(CO)C(O)C(O)C2O)C(O)C1O)N=C(O)CCCCCCCCCCCCCCCCCCCCCCCCC
CRBS_HCSA_LACHLl.rxn	59	CCCCCCCCCCCCC/C=C/C(O)C(COC1OC(CO)C(O)C(O)C1O)N=C(O)CCCCCCCCCCCCCCCCCCCCCCCCC
CRBS_OCDCA7Z_GLCHLl.rxn	51	CCCCCCCCCC/C=C\CCCCCC(O)=NC(COC1OC(CO)C(O)C(O)C1O)C(O)/C=C/CCCCCCCCCCCCC
CRBS_OCDCA7Z_GLCHLl.rxn	40	CCCCCCCCCC/C=C\CCCCCC(O)=NC(CO)C(O)/C=C/CCCCCCCCCCCCC
CRBS_PTCSA_TEOStlr.rxn	94	CCCCCCCCCCCCC/C=C/[C@H](O)[C@H](CO[C@H]1O[C@@H](CO)[C@H](O[C@@H]2O[C@H](CO)[C@H](O[C@H]3O[C@H](CO)[C@H](O)[C@H](OC4O[C@@H](CO)[C@@H](O)[C@@H](O)[C@@H]4N=C(C)O)[C@H]3O)[C@H](O)[C@H]2O)[C@@H](O)[C@@H]1O)N=C(O)CCCCCCCCCCCCCCCCCCCCCCCC
CRM_GDLCtlr.rxn	42	CCCCCCCCCC/C=C/CCCCCCCC(O)=N[C@@H](CO)[C@H](O)/C=C/CCCCCCCCCCCCC
CRM_OCDCA7ZHL.rxn	21	CCCCCCCCCCCCC/C=C/C(O)C([NH3+])CO
CRM_OCDCA7ZHL.rxn	20	CCCCCCCCCC/C=C\CCCCCC(=O)[O-]
CRVNCtl.rxn	24	CC/C=C\C/C=C\C/C=C\C/C=C\C/C=C\C/C=C\CCC(=O)[O-]
CYSASNNaEx.rxn	7	[NH3+]C(C[S-])C(=O)[O-]
CYTK2.rxn	24	N=c1ccn(C2CC(O)C(COP(=O)(O)OP(=O)([O-])[O-])O2)c([O-])n1
DCA3ZCOAENISOmmr.rxn	59	CCCCCC/C=C\CC(=O)SCCN=C([O-])CCN=C([O-])C(O)C(C)(C)COP(=O)(O)OP(=O)(O)OCC1OC(n2cnc3c(N)ncnc32)C(O)C1OP(=O)([O-])[O-]
DCA3ZCOAENISOmmr.rxn	59	CCCCCCC/C=C/C(=O)SCCN=C([O-])CCN=C([O-])C(O)C(C)(C)COP(=O)(O)OP(=O)(O)OCC1OC(n2cnc3c(N)ncnc32)C(O)C1OP(=O)([O-])[O-]
DCA4ZCOAHLx.rxn	59	CCCCC/C=C\CCC(=O)SCCN=C([O-])CCN=C([O-])C(O)C(C)(C)COP(=O)(O)OP(=O)(O)OCC1OC(n2cnc3c(N)ncnc32)C(O)C1OP(=O)([O-])[O-]
DCA4ZCOAHLx.rxn	12	CCCCC/C=C\CCC(=O)[O-]
DCA9ENCRNtr.rxn	22	C=CCCCCCCCC(=O)OC(CC(=O)[O-])C[N+](C)(C)C
DCAtxr.rxn	12	CCCCCCCCCC(=O)[O-]
DDCA4ECOAOXFAOXCOAmm.rxn	62	CCCCCCC/C=C/C(=O)CC(=O)SCCN=C([O-])CCN=C([O-])C(O)C(C)(C)COP(=O)(O)OP(=O)(O)OCC1OC(n2cnc3c(N)ncnc32)C(O)C1OP(=O)([O-])[O-]
DDCA7ZCOAOXFAOXCOAmm.rxn	62	CCCC/C=C\CCCC(=O)CC(=O)SCCN=C([O-])CCN=C([O-])C(O)C(C)(C)COP(=O)(O)OP(=O)(O)OCC1OC(n2cnc3c(N)ncnc32)C(O)C1OP(=O)([O-])[O-]
DDCDAt.rxn	16	O=C([O-])CCCCCCCCCCC(=O)[O-]
DGAL6Pt.rxn	16	O=CC(O)C(O)C(O)C(O)COP(=O)([O-])[O-]
DGAL6Pt.rxn	16	O=CC(O)C(O)C(O)C(O)CO[PH-](=O)([O-])O
DHCRM_GDLCtmr.rxn	42	CCCCCCCCCC/C=C/CCCCCCCC(O)=N[C@H](CO)[C@H](O)CCCCCCCCCCCCCCC
DHPM2.rxn	9	CC1CN=C(O)N=C1O
DHPM2.rxn	11	[H]/N=C(/O)NCC(C)C(=O)[O-]
DKMPPD.rxn	14	CSCCC(=O)C(=O)COP(=O)([O-])[O-]
DLNLNCG3ECOAENISOxr.rxn	69	CCCCC/C=C\C/C=C\C/C=C\CCC/C=C/CC(=O)SCCN=C([O-])CCN=C([O-])C(O)C(C)(C)COP(=O)(O)OP(=O)(O)OCC1OC(n2cnc3c(N)ncnc32)C(O)C1OP(=O)([O-])[O-]
DLNLNCG3ECOAENISOxr.rxn	69	CCCCC/C=C\C/C=C\C/C=C\CCCC/C=C/C(=O)SCCN=C([O-])CCN=C([O-])C(O)C(C)(C)COP(=O)(O)OP(=O)(O)OCC1OC(n2cnc3c(N)ncnc32)C(O)C1OP(=O)([O-])[O-]
DSERt2r.rxn	7	NC(CO)C(=O)O
ECOAH1x.rxn	54	CC(O)CC(=O)SCCN=C([O-])CCN=C([O-])C(O)C(C)(C)COP(=O)(O)OP(=O)(O)OCC1OC(n2cnc3c(N)ncnc32)C(O)C1OP(=O)([O-])[O-]
ECOAH1x.rxn	53	C/C=C/C(=O)SCCN=C([O-])CCN=C([O-])C(O)C(C)(C)COP(=O)(O)OP(=O)(O)OCC1OC(n2cnc3c(N)ncnc32)C(O)C1OP(=O)([O-])[O-]
ELDCtlr.rxn	20	CCCCCCCC/C=C/CCCCCCCC(=O)[O-]
EPX4MOH4MZYMOX.rxn	32	CC(CCC1OC1(C)C)C1CCC2C3=C(CCC21C)C1(C)CCC(O)C(C)(CO)C1CC3
EPX4MOH4MZYMOX.rxn	32	CC(CCC1OC1(C)C)C1CCC2C3=C(CCC21C)C1(C)CCC(O)C(C)(C=O)C1CC3
ERTHRSDRED.rxn	8	O=CC(O)C(O)CO
ERTHRSDRED.rxn	8	OCC(O)C(O)CO
ESTRIOLUGT2r.rxn	37	O=C([O-])C1OC(OP(=O)(O)OP(=O)([O-])OCC2OC(n3ccc([O-])nc3=O)C(O)C2O)C(O)C(O)C1O
ESTRIOLUGT2r.rxn	21	CC12CCC3c4ccc(O)cc4CCC3C1CC(O)C2O
FA160ACPH.rxn	19	CCCCCCCCCCCCCCCC(=O)S[TeH]
FA160ACPH.rxn	2	S[TeH]
FAOXC16180m.rxn	53	Cc1cc2nc3c([O-])nc(=O)nc-3n(CC(O)C(O)C(O)COP(=O)([O-])OP(=O)([O-])OCC3OC([n+]4c[nH]c5c(N)ncnc54)C(O)C3O)c2cc1C
FAOXC16180m.rxn	53	Cc1cc2c(cc1C)N(CC(O)C(O)C(O)COP(=O)(O)OP(=O)(O)OCC1OC(n3cnc4c(N)ncnc43)C(O)C1O)c1nc([O-])nc([O-])c1N2
FAOXC204C184m.rxn	69	CCCCC/C=C\C/C=C\C/C=C\C/C=C\CCCC(=O)SCCN=C([O-])CCN=C([O-])C(O)C(C)(C)COP(=O)(O)OP(=O)(O)OCC1OC(n2cnc3c(N)ncnc32)C(O)C1OP(=O)([O-])[O-]
FAOXC8DCC6DCx.rxn	59	CC(C)(COP(=O)(O)OP(=O)(O)OCC1OC(n2cnc3c(N)ncnc32)C(O)C1OP(=O)([O-])[O-])C(O)C([O-])=NCCC([O-])=NCCSC(=O)CCCCCCC(=O)[O-]
FAOXC8DCC6DCx.rxn	2	OO
FOLOAT1tc.rxn	33	[H]/N=c1/nc(O)c2nc(CNc3ccc(C(=O)NC(CCC(=O)[O-])C(=O)O)cc3)cnc2[nH]1
FOLOAT1tc.rxn	10	O=C([O-])CCC(=O)C(=O)[O-]
FUCGALFUCGALACGLCGALGLUSIDEt.rxn	102	*C(=O)NC(COC1OC(CO)C(OC2OC(CO)C(O)C(OC3OC(CO)C(OC4OC(C)C(O)C(O)C4O)C(OC4OC(CO)C(O)C(OC5OC(CO)C(O)C(O)C5O)C4OC4OC(C)C(O)C(O)C4O)C3NC(C)=O)C2O)C(O)C1O)C(O)/C=C/CCCCCCCCCCCCC
G1P_3OCDCEA_1G_3OCDCEAHLl.rxn	53	CCCCCCCC/C=C\CCCCCCCC(=O)OCC(O)COP(=O)([O-])OCC(O)COC(=O)CCCCCCC/C=C\CCCCCCCC
G1P_3OCDCEA_1G_3OCDCEAHLl.rxn	20	CCCCCCCC/C=C\CCCCCCCC(=O)[O-]
G3PC_1EPAABCt.rxn	37	CC/C=C\C/C=C\C/C=C\C/C=C\C/C=C\CCCC(=O)OCC(O)COP(=O)([O-])OCC[N+](C)(C)C
G3PC_1HDCA_2PTCA_5OXRED.rxn	40	CCCCCCCCCCCCCCCC(=O)OCC(COP(=O)([O-])OCC[N+](C)(C)C)OC(=O)CCCC=O
G3PC_1HDCA_2PTCA_5OXRED.rxn	40	CCCCCCCCCCCCCCCC(=O)OCC(COP(=O)([O-])OCC[N+](C)(C)C)OC(=O)CCCCO
G3PC_1OCDCAtnr.rxn	35	CCCCCCCCCCCCCCCCCC(=O)OCC(O)COP(=O)([O-])OCC[N+](C)(C)C
G3PC_2LNLCt1e.rxn	36	CCCCCC/C=C\C/C=C\CCCCCCCC(=O)OC(CO)COP(=O)([O-])OCC[N+](C)(C)C
G3PETAMN_NARACHDtmr.rxn	34	CCCCC/C=C\C/C=C\C/C=C\C/C=C\CCCC([O-])=NCCOP(=O)(O)OC[C@H](O)CO
G3PE_12HDCAtrr.rxn	47	CCCCCCCCCCCCCCCC(=O)OCC(COP(=O)(O)OCCN)OC(=O)CCCCCCCCCCCCCCC
G3PI45DP_12OCTAtrr.rxn	47	CCCCCCCC(=O)OC[C@H](COP(=O)([O-])O[C@@H]1[C@H](O)[C@H](O)[C@@H](OP(=O)([O-])[O-])[C@H](OP(=O)([O-])[O-])[C@H]1O)OC(=O)CCCCCCC
G3PSER_1OCDCA_2OCDCA910EPOXtrr.rxn	55	CCCCCCCCCCCCCCCCCC(=O)OC[C@H](COP(=O)(O)OC[C@H](N)C(=O)[O-])OC(=O)CCCCCCCC1OC1CCCCCCCC
G3P_1OCDCA_LSER_NHDCAtrr.rxn	52	CCCCCCCCCCCCCCCCCC(=O)OC[C@@H](O)COP(=O)(O)OC[C@H](N=C([O-])CCCCCCCCCCCCCCC)C(=O)[O-]
GAL1Pt.rxn	16	O=P([O-])([O-])OC1OC(CO)C(O)C(O)C1O
GD3tm.rxn	96	CCCCCCCCCCCCC/C=C/C(O)C(COC1OC(CO)C(OC2OC(CO)C(O)C(OC3(C(=O)O)CC(O)C(N=C(C)O)C(C(O)C(CO)OC4(C(=O)O)CC(O)C(N=C(C)O)C(C(O)C(O)CO)O4)O3)C2O)C(O)C1O)N=C(O)CCCCCCCCCCC
GHBStmr.rxn	11	O=C([O-])CCCOS(=O)(=O)[O-]
GLNHISHISt.rxn	31	[H]/N=C(\O)CCC(N)C(O)=NC(Cc1cnc[nH]1)C(O)=NC(Cc1cnc[nH]1)C(=O)O
GLUPRT.rxn	11	[H]/N=C(/O)CCC(N)C(=O)O
GLUPRT.rxn	22	O=P([O-])([O-])OCC1OC(OP(=O)([O-])OP(=O)([O-])[O-])C(O)C1O
GLXtmr.rxn	5	O=CC(=O)[O-]
GLYNATm.rxn	5	NCC(=O)O
GLYNATm.rxn	57	CC(C)(COP(=O)(O)OP(=O)(O)OCC1OC(n2cnc3c(N)ncnc32)C(O)C1OP(=O)([O-])[O-])C(O)C([O-])=NCCC([O-])=NCCSC(=O)Cc1ccccc1
GLYNATm.rxn	14	O=C(O)CN=C([O-])Cc1ccccc1
GUAPRT.rxn	12	[H]/N=c1/nc(O)c2nc[nH]c2[nH]1
G_1OCDCEA_2LNELDCHLe.rxn	44	CCCCC/C=C\C/C=C\CCCCCCCC(=O)OC(CO)COC(=O)CCCCCCC/C=C\CCCCCCCC
G_1OCDCEA_2LNELDCHLe.rxn	25	CCCCC/C=C\C/C=C\CCCCCCCC(=O)OC(CO)CO
HCA5OHCOAAT.rxn	56	CC(O)CCCC(=O)SCCN=C([O-])CCN=C([O-])C(O)C(C)(C)COP(=O)(O)OP(=O)(O)OCC1OC(n2cnc3c(N)ncnc32)C(O)C1OP(=O)([O-])[O-]
HCA5OHCOAAT.rxn	19	CC(O)CCCC(=O)OC(CC(=O)[O-])C[N+](C)(C)C
HCSAt.rxn	28	CCCCCCCCCCCCCCCCCCCCCCCCCC(=O)[O-]
HDCA9ECOAEFAOXHDmm.rxn	65	CCCCCC/C=C/CCCCC/C=C/C(=O)SCCN=C([O-])CCN=C([O-])C(O)C(C)(C)COP(=O)(O)OP(=O)(O)OCC1OC(n2cnc3c(N)ncnc32)C(O)C1OP(=O)([O-])[O-]
HDCA9ECOAEFAOXHDmm.rxn	66	CCCCCC/C=C/CCCCCC(O)CC(=O)SCCN=C([O-])CCN=C([O-])C(O)C(C)(C)COP(=O)(O)OP(=O)(O)OCC1OC(n2cnc3c(N)ncnc32)C(O)C1OP(=O)([O-])[O-]
HDCALD2EOXrr.rxn	17	CCCCCCCCCCCCC/C=C/C=O
HDCALD2EOXrr.rxn	18	CCCCCCCCCCCCC/C=C/C(=O)[O-]
HETE12COAr.rxn	23	CCCCC/C=C\CC(O)/C=C/C=C\C/C=C\CCCC(=O)[O-]
HETE12COAr.rxn	70	CCCCC/C=C\C/C=C\C/C=C\C=C\C(O)CCCC(=O)SCCN=C([O-])CCN=C([O-])C(O)C(C)(C)COP(=O)(O)OP(=O)(O)OCC1OC(n2cnc3c(N)ncnc32)C(O)C1OP(=O)([O-])[O-]
HISASPr.rxn	19	NC(Cc1cnc[nH]1)C(O)=NC(CC(=O)[O-])C(=O)O
HISASPr.rxn	11	NC(Cc1cnc[nH]1)C(=O)O
HMCRNc.rxn	10	NC(CCCC[NH3+])C(=O)O
HMCRNc.rxn	14	[H]/N=C(/O)NCCCCC(N)C(=O)O
HMR_0241.rxn	19	CCCCCC/C=C\CCCCCCCCC(=O)[O-]
HMR_0241.rxn	66	CCCCCC/C=C\CCCCCCCCC(=O)SCCN=C([O-])CCN=C([O-])C(O)C(C)(C)COP(=O)(O)OP(=O)(O)OCC1OC(n2cnc3c(N)ncnc32)C(O)C1OP(=O)([O-])[O-]
HMR_0326.rxn	25	CCCCCCCCCCCCCCCCCCCCCCC(=O)[O-]
HMR_0539.rxn	10	O=P([O-])([O-])OCC(O)CO
HMR_0539.rxn	35	CCCCC/C=C\C/C=C\C/C=C\C/C=C\CCCCCCCC(=O)OCC(O)COP(=O)([O-])[O-]
HMR_0849.rxn	42	[H]/N=c1\ccn(C2OC(COP(=O)(O)OC3(C(=O)[O-])CC(O)C(N=C(C)[O-])C(C(O)C(O)CO)O3)C(O)C2O)c(O)n1
HMR_0849.rxn	90	CCCCCCCCCCCCC/C=C/C(O)C(COC1OC(CO)C(OC2OC(CO)C(OC3OC(CO)C(O)C(O)C3N=C(C)O)C(OC3(C(=O)O)CC(O)C(N=C(C)[O-])C(C(O)C(O)CO)O3)C2O)C(O)C1O)N=C(O)CCCCCCCCCCC
HMR_1042.rxn	25	CCCCC/C=C\CC(O)C(O)C(O)/C=C\C/C=C\CCCC(=O)[O-]
HMR_1502.rxn	29	CC(C)=CCCC(C)C1CCC2C3=C(CCC21C)C1(C)CCC(O)C(C)C1CC3
HMR_1502.rxn	30	CC(C)=CCCC(C)C1CCC2C3=C(CCC21C)C1(C)CCC(O)C(CO)C1CC3
HMR_1749.rxn	31	CC(CO)C(O)CCC(C)C1CCC2C3C(O)CC4CC(O)CCC4(C)C3CCC12C
HMR_1749.rxn	31	CC(C=O)C(O)CCC(C)C1CCC2C3C(O)CC4CC(O)CCC4(C)C3CCC12C
HMR_1988.rxn	24	CC(=O)C1(O)CCC2C3CCC4=CC(=O)CCC4(C)C3CCC21C
HMR_2237.rxn	13	CCCCCCC(=O)CC(=O)S[TeH]
HMR_2237.rxn	13	CCCCCCC(O)CC(=O)S[TeH]
HMR_2616.rxn	26	CCCCCC/C=C\CCCCCC(=O)OC(CC(=O)[O-])C[N+](C)(C)C
HMR_2708.rxn	34	CCCCCCCCCCC=CCCCCCCCCCC(=O)OC(CC(=O)[O-])C[N+](C)(C)C
HMR_2822.rxn	67	CCCC/C=C\CCCCCCCCCCCC(=O)SCCN=C([O-])CCN=C([O-])C(O)C(C)(C)COP(=O)(O)OP(=O)(O)OCC1OC(n2cnc3c(N)ncnc32)C(O)C1OP(=O)([O-])[O-]
HMR_2896.rxn	34	CCCCC/C=C\C/C=C\C/C=C\C/C=C\CCCCCC(=O)OC(CC(=O)[O-])C[N+](C)(C)C
HMR_2977.rxn	26	CCCCCCCCCCCCCCCCCCCCCCCC(=O)[O-]
HMR_3232.rxn	66	CCCCCCCC/C=C\CCCC(O)CC(=O)SCCN=C([O-])CCN=C([O-])C(O)C(C)(C)COP(=O)(O)OP(=O)(O)OCC1OC(n2cnc3c(N)ncnc32)C(O)C1OP(=O)([O-])[O-]
HMR_3232.rxn	66	CCCCCCCC/C=C\CCCC(=O)CC(=O)SCCN=C([O-])CCN=C([O-])C(O)C(C)(C)COP(=O)(O)OP(=O)(O)OCC1OC(n2cnc3c(N)ncnc32)C(O)C1OP(=O)([O-])[O-]
HMR_3362.rxn	68	CCCCCC/C=C\CCCCCCCC(=O)CC(=O)SCCN=C([O-])CCN=C([O-])C(O)C(C)(C)COP(=O)(O)OP(=O)(O)OCC1OC(n2cnc3c(N)ncnc32)C(O)C1OP(=O)([O-])[O-]
HMR_3578.rxn	51	CC/C=C/C/C=C/C/C=C/C/C=C/C/C=C/CCCCCC(=O)OC1CCC2(C)C(=CCC3C2CCC2(C)C(C(C)CCCC(C)C)CCC32)C1
HMR_3578.rxn	28	CC(C)CCCC(C)C1CCC2C3CC=C4CC(O)CCC4(C)C3CCC12C
HMR_3578.rxn	24	CC/C=C\C/C=C\CC=CC/C=C\C/C=C\CCCCCC(=O)[O-]
HMR_3669.rxn	69	CC/C=C\C/C=C\C/C=C\CCCCCCCCCC(=O)SCCN=C([O-])CCN=C([O-])C(O)C(C)(C)COP(=O)(O)OP(=O)(O)OCC1OC(n2cnc3c(N)ncnc32)C(O)C1OP(=O)([O-])[O-]
HMR_3669.rxn	49	CC/C=C/C/C=C/C/C=C/CCCCCCCCCC(=O)OC1CCC2(C)C(=CCC3C2CCC2(C)C(C(C)CCCC(C)C)CCC32)C1
HMR_3737.rxn	53	CCCCC/C=C/C/C=C/C/C=C/C/C=C/CCCCCCCC(=O)OC1CCC2(C)C(=CCC3C2CCC2(C)C(C(C)CCCC(C)C)CCC32)C1
HMR_3737.rxn	26	CCCCCCCCCCCCCCCC=CC=CC=CC=CC(=O)[O-]
HMR_4782.rxn	9	O=C(O)C1CC(O)CN1
HMR_4782.rxn	9	O=C([O-])C1CC(O)C=N1
HMR_6834.rxn	22	NC(Cc1ccc(Oc2ccc(O)c(I)c2)c(I)c1)C(=O)O
HMR_6834.rxn	23	NC(Cc1ccc(Oc2cc(I)c(O)c(I)c2)c(I)c1)C(=O)O
HMR_7042.rxn	8	BrC1=CC2OC2C=C1
HMR_7042.rxn	9	OC1C=CC(Br)=CC1O
HMR_7168.rxn	27	C[S+](CCC(N)C(=O)O)CC1OC(n2cnc3c(N)ncnc32)C(O)C1O
HMR_7168.rxn	32	*C([NH3+])C(=O)NC(*)C(=O)NC(CSC/C=C(\C)CC/C=C(\C)CCC=C(C)C)C(=O)[O-]
HMR_7168.rxn	26	Nc1ncnc2c1ncn2C1OC(CSCCC(N)C(=O)O)C(O)C1O
HMR_7168.rxn	33	*C(N)C(=O)NC(*)C(=O)NC(CSC/C=C(\C)CC/C=C(\C)CCC=C(C)C)C(=O)OC
HMR_8086.rxn	22	Nc1ncnc2c1ncn2C1OC2COP(=O)([O-])OC2C1O
HMR_9492.rxn	12	*NC(=O)C1CCCN1C(*)=O
HMR_9622.rxn	6	CC(O)C(=O)[O-]
HMR_9622.rxn	12	O=c1[nH]c2nc([O-])[nH]c(=O)c2[nH]1
HMR_9760.rxn	19	CCCCCCC/C=C\CCCCCCCC(=O)[O-]
HPCA26DMTCRNtxr.rxn	21	CC(C)CCCC(C)C(=O)OC(CC(=O)[O-])C[N+](C)(C)C
HPDCADMTCOAOXFAOXCOAmm.rxn	59	CC(C)CCC(=O)C(C)C(=O)SCCN=C([O-])CCN=C([O-])C(O)C(C)(C)COP(=O)(O)OP(=O)(O)OCC1OC(n2cnc3c(N)ncnc32)C(O)C1OP(=O)([O-])[O-]
HPDCADMTCOAOXFAOXCOAmm.rxn	55	CC(C)CCC(=O)SCCN=C([O-])CCN=C([O-])C(O)C(C)(C)COP(=O)(O)OP(=O)(O)OCC1OC(n2cnc3c(N)ncnc32)C(O)C1OP(=O)([O-])[O-]
HSD3B11r.rxn	23	CC(=O)C1CCC2C3CC=C4CC(O)CCC4(C)C3CCC12C
HSD3B11r.rxn	23	CC(=O)C1CCC2C3CCC4=CC(=O)CCC4(C)C3CCC12C
HYPGCOAAT.rxn	28	CCCCCCCC/C=C\CCCCCC(=O)OC(CC(=O)[O-])C[N+](C)(C)C
IBUP_SCYP1hep.rxn	15	CC(C)Cc1ccc(C(C)C(=O)[O-])cc1
INNCACOAOHFAOXNADmm.rxn	59	CC(C)CCCC(O)CC(=O)SCCN=C([O-])CCN=C([O-])C(O)C(C)(C)COP(=O)(O)OP(=O)(O)OCC1OC(n2cnc3c(N)ncnc32)C(O)C1OP(=O)([O-])[O-]
INNCACOAOHFAOXNADmm.rxn	59	CC(C)CCCC(=O)CC(=O)SCCN=C([O-])CCN=C([O-])C(O)C(C)(C)COP(=O)(O)OP(=O)(O)OCC1OC(n2cnc3c(N)ncnc32)C(O)C1OP(=O)([O-])[O-]
KSItly.rxn	66	CC(=O)NC1C(O)CC(COS(=O)(=O)[O-])OC1OC1C(O)C(COS(=O)(=O)[O-])OC(OC2C(COS(=O)(=O)[O-])OC(OC3C(O)C(O)OC(COS(=O)(=O)[O-])C3O)C(NC(C)=O)C2O)C1O
LCHACSt.rxn	31	CC(CCC(=O)[O-])C1CCC2C3CCC4CC(OS(=O)(=O)[O-])CCC4(C)C3CCC12C
LEUTRPARGr.rxn	35	[H]/N=C(\N)NCCCC(N=C(O)C(Cc1c[nH]c2ccccc12)N=C(O)C([NH3+])CC(C)C)C(=O)O
LEUTRPARGr.rxn	15	NC(Cc1c[nH]c2ccccc12)C(=O)O
LEUTRPARGr.rxn	9	CC(C)CC(N)C(=O)O
LNLC3OXCRNCRNAt.rxn	31	CCCCC/C=C\C/C=C\CCCCCC(=O)CC(=O)OC(CC(=O)[O-])C[N+](C)(C)C
LNLCW9COAHLx.rxn	20	CCCCCCCC/C=C\C/C=C\CCCCC(=O)[O-]
LNLNCACOAOXFAOXCOAmm.rxn	68	CC/C=C\C/C=C\C/C=C\CCCCCC(=O)CC(=O)SCCN=C([O-])CCN=C([O-])C(O)C(C)(C)COP(=O)(O)OP(=O)(O)OCC1OC(n2cnc3c(N)ncnc32)C(O)C1OP(=O)([O-])[O-]
LSTNM2tev.rxn	31	CC(O)CCc1nc(Cl)c(CO)n1Cc1ccc(-c2ccccc2-c2nnn[n-]2)cc1
LTHSTRLOX4r.rxn	28	CC(C)CCCC(C)C1CCC2C3=CCC4CC(O)CCC4(C)C3CCC21C
LTHSTRLOX4r.rxn	29	CC(C)CCCC(C)C1CCC2C3C(=O)CC4CCCC(O)C4(C)C3CCC12C
L_TYRGLYGLY_LPHE_LMETHL.rxn	40	CSCCC(N=C(O)C(Cc1ccccc1)N=C(O)CN=C(O)CN=C(O)C(N)Cc1ccc(O)cc1)C(=O)O
L_TYRGLYGLY_LPHE_LMETHL.rxn	20	CSCCC(N=C(O)C(N)Cc1ccccc1)C(=O)O
L_TYRGLYGLY_LPHE_LMETHL.rxn	21	NC(Cc1ccc(O)cc1)C(O)=NCC(O)=NCC(=O)O
MALONCOAHLm.rxn	54	CC(C)(COP(=O)(O)OP(=O)(O)OCC1OC(n2cnc3c(N)ncnc32)C(O)C1OP(=O)([O-])[O-])C(O)C([O-])=NCCC([O-])=NCCSC(=O)CC(=O)[O-]
MALONCOAHLm.rxn	28	CC(C)(COP(=O)(O)O)C(O)C([O-])=NCCC([O-])=NCCSC(=O)CC(=O)[O-]
MDZGLChr.rxn	23	Cc1ncc2n1-c1ccc(Cl)cc1C(c1ccccc1F)=NC2
MDZGLChr.rxn	35	Cc1n2c(c[n+]1C1OC(C(=O)[O-])C(O)C(O)C1O)CN=C(c1ccccc1F)c1cc(Cl)ccc1-2
MI145PP.rxn	20	O=P([O-])([O-])OC1C(O)C(O)C(OP(=O)([O-])[O-])C(O)C1O
MINO12DPHLe.rxn	16	O=P([O-])([O-])OC1C(O)C(O)C(O)C(O)C1O
MNDNREDnr.rxn	13	CC1=CC(=O)c2ccccc2C1=O
MNDNREDnr.rxn	13	Cc1cc(O)c2ccccc2c1O
MRSTLDCOAOHATREV.rxn	64	CCCC/C=C\CCCCCC(O)CC(=O)SCCN=C([O-])CCN=C([O-])C(O)C(C)(C)COP(=O)(O)OP(=O)(O)OCC1OC(n2cnc3c(N)ncnc32)C(O)C1OP(=O)([O-])[O-]
NADPQNOXR.rxn	11	O=C1C=C2CCNC2=CC1=O
NADPQNOXR.rxn	11	Oc1cc2c(cc1O)NCC2
NRPPHRt4_2_r.rxn	12	[NH3+]CC(O)c1ccc(O)c(O)c1
N_SPHGS_OLEICtrr.rxn	40	CCCCCCCC/C=C\CCCCCCCC(O)=N[C@@H](CO)[C@H](O)/C=C/CCCCCCCCCCCCC
OCCA3ZCOA.rxn	10	CCCC/C=C\CC(=O)[O-]
OCCA3ZCOA.rxn	57	CCCC/C=C\CC(=O)SCCN=C([O-])CCN=C([O-])C(O)C(C)(C)COP(=O)(O)OP(=O)(O)OCC1OC(n2cnc3c(N)ncnc32)C(O)C1OP(=O)([O-])[O-]
OCCA5ZCOAFAOXFADm.rxn	57	CC/C=C\C/C=C/C(=O)SCCN=C([O-])CCN=C([O-])C(O)C(C)(C)COP(=O)(O)OP(=O)(O)OCC1OC(n2cnc3c(N)ncnc32)C(O)C1OP(=O)([O-])[O-]
OCCA7ZCOAFAOXFADm.rxn	57	C=CCCC/C=C/C(=O)SCCN=C([O-])CCN=C([O-])C(O)C(C)(C)COP(=O)(O)OP(=O)(O)OCC1OC(n2cnc3c(N)ncnc32)C(O)C1OP(=O)([O-])[O-]
OCDCA2Etxr.rxn	20	CCCCCCCCCCCCCCC/C=C/C(=O)[O-]
OCT11EFATP.rxn	20	CCCCCC/C=C/CCCCCCCCCC(=O)[O-]
OLEIC3OHCOAr.rxn	21	CCCCCCCC/C=C\CCCCCC(O)CC(=O)[O-]
OLEIC3OHCOAr.rxn	68	CCCCCCCC/C=C\CCCCCC(O)CC(=O)SCCN=C([O-])CCN=C([O-])C(O)C(C)(C)COP(=O)(O)OP(=O)(O)OCC1OC(n2cnc3c(N)ncnc32)C(O)C1OP(=O)([O-])[O-]
OXYPthc.rxn	11	O=c1nc2[nH][nH]cc-2c(O)n1
PALLNCOAEFAOXHDxx.rxn	69	CCCCCC/C=C\CCCCCCCCC/C=C/C(=O)SCCN=C([O-])CCN=C([O-])C(O)C(C)(C)COP(=O)(O)OP(=O)(O)OCC1OC(n2cnc3c(N)ncnc32)C(O)C1OP(=O)([O-])[O-]
PALLNCOAEFAOXHDxx.rxn	70	CCCCCCC=CCCCCCCCCCC(O)CC(=O)SCCN=C([O-])CCN=C([O-])C(O)C(C)(C)COP(=O)(O)OP(=O)(O)OCC1OC(n2cnc3c(N)ncnc32)C(O)C1OP(=O)([O-])[O-]
PDE4g.rxn	24	[H]/N=c1/nc([O-])c2ncn(C3OC4COP(=O)(O)OC4C3O)c2[nH]1
PGLYCABCt.rxn	21	O=C([TeH])OCC(COP(=O)([O-])OCC(O)CO)OC(=O)[TeH]
PHEPROARGr.rxn	31	[H]/N=C(/N)NCCCC(N=C(O)C1CCCN1C(=O)C([NH3+])Cc1ccccc1)C(=O)O
PHEPROARGr.rxn	12	NC(Cc1ccccc1)C(=O)O
PHYTSPHGS_NOCDCEAtgr.rxn	41	CCCCCCCC/C=C\CCCCCCCC(O)=N[C@@H](CO)[C@H](O)[C@H](O)CCCCCCCCCCCCCC
PMI1346PH.rxn	36	O=P([O-])([O-])OC1C(O)C(OP(=O)([O-])[O-])C(OP(=O)([O-])[O-])C(OP(=O)([O-])OP(=O)([O-])[O-])C1OP(=O)([O-])[O-]
PPAt.rxn	5	CCC(=O)[O-]
PRISTCOAFAOXFADmx.rxn	68	CC(C)CCCC(C)CCCC(C)CCCC(C)C(=O)SCCN=C([O-])CCN=C([O-])C(O)C(C)(C)COP(=O)(O)OP(=O)(O)OCC1OC(n2cnc3c(N)ncnc32)C(O)C1OP(=O)([O-])[O-]
PRISTCOAFAOXFADmx.rxn	68	C/C(=C\CCC(C)CCCC(C)CCCC(C)C)C(=O)SCCN=C([O-])CCN=C([O-])C(O)C(C)(C)COP(=O)(O)OP(=O)(O)OCC1OC(n2cnc3c(N)ncnc32)C(O)C1OP(=O)([O-])[O-]
PROSTGE1t3.rxn	25	CCCCCC(O)/C=C/C1C(O)CC(=O)C1CCCCCCC(=O)[O-]
PTCA3Ztmr.rxn	7	C/C=C\CC(=O)[O-]
PTCACOAOXFAOXCOAm.rxn	55	CCC(=O)CC(=O)SCCN=C([O-])CCN=C([O-])C(O)C(C)(C)COP(=O)(O)OP(=O)(O)OCC1OC(n2cnc3c(N)ncnc32)C(O)C1OP(=O)([O-])[O-]
PTDCACOAFAOXFADmm.rxn	64	CCCCCCCCCCCCCCC(=O)SCCN=C([O-])CCN=C([O-])C(O)C(C)(C)COP(=O)(O)OP(=O)(O)OCC1OC(n2cnc3c(N)ncnc32)C(O)C1OP(=O)([O-])[O-]
PTDCACOAFAOXFADmm.rxn	64	CCCCCCCCCCCC/C=C/C(=O)SCCN=C([O-])CCN=C([O-])C(O)C(C)(C)COP(=O)(O)OP(=O)(O)OCC1OC(n2cnc3c(N)ncnc32)C(O)C1OP(=O)([O-])[O-]
PYDXPP.rxn	12	Cc1ncc(CO)c(C=O)c1O
RE0066M.rxn	20	CNCCOP(=O)(O)OCC(COC(=O)[TeH])OC(=O)[TeH]
RE0066M.rxn	21	CN(C)CCOP(=O)([O-])OCC(COC(=O)[TeH])OC(=O)[TeH]
RE0702M.rxn	3	N#C[S-]
RE0702M.rxn	4	N#CSO
RE1050E.rxn	5	N#C[SH](O)O
RE1050E.rxn	3	N#C[O-]
RE1520X.rxn	61	CCCCC/C=C\CC/C=C/C(=O)SCCN=C([O-])CCN=C([O-])C(O)C(C)(C)COP(=O)(O)OP(=O)(O)OCC1OC(n2cnc3c(N)ncnc32)C(O)C1OP(=O)([O-])[O-]
RE1520X.rxn	62	CCCCC/C=C\CCC(O)CC(=O)SCCN=C([O-])CCN=C([O-])C(O)C(C)(C)COP(=O)(O)OP(=O)(O)OCC1OC(n2cnc3c(N)ncnc32)C(O)C1OP(=O)([O-])[O-]
RE1804C.rxn	30	CC(CO)CCCC(C)C1CCC2C3C(O)CC4CC(O)CCC4(C)C3CCC12C
RE1804C.rxn	30	CC(C=O)CCCC(C)C1CCC2C3C(O)CC4CC(O)CCC4(C)C3CCC12C
RE1933C.rxn	7	[NH3+]C1CCSC1=O
RE1933C.rxn	8	NC(CCS)C(=O)O
RE2150C.rxn	22	CC1=C(C=C\C(C)=C/C=C/C(C)=C/C(=O)[O-])C(C)(C)CCC1
RE2150C.rxn	25	O=c1nc([O-])ccn1C1OC(COP(=O)(O)OP(=O)([O-])[O-])C(O)C1O
RE2150C.rxn	34	CC1=C(/C=C/C(C)=C\C=C\C(C)=C\C(=O)OC2OC(C(=O)[O-])C(O)C(O)C2O)C(C)(C)CCC1
RE2439C.rxn	2	[O-]O
RE2439C.rxn	17	COc1ccc2[nH]cc(CCN=C(C)O)c2c1
RE2439C.rxn	19	COc1ccc(N=CO)c(C(=O)CCN=C(C)O)c1
RE2644C.rxn	13	[H]/N=C(/O)CC(N=C(C)[O-])C(=O)O
RE2910M.rxn	62	CCCCCC/C=C\CC(O)CC(=O)SCCN=C([O-])CCN=C([O-])C(O)C(C)(C)COP(=O)(O)OP(=O)(O)OCC1OC(n2cnc3c(N)ncnc32)C(O)C1OP(=O)([O-])[O-]
RE2910M.rxn	62	CCCCCC/C=C\CC(=O)CC(=O)SCCN=C([O-])CCN=C([O-])C(O)C(C)(C)COP(=O)(O)OP(=O)(O)OCC1OC(n2cnc3c(N)ncnc32)C(O)C1OP(=O)([O-])[O-]
RE3012C.rxn	25	O=CCCCC/C=C\CC(O)C=CC=CC=CC(O)CCCC(=O)[O-]
RE3095X.rxn	11	[NH3+]CCc1ccc(O)c(O)c1
RE3095X.rxn	11	[NH3+]CCC1=CC(=O)C(=O)C=C1
RE3201C.rxn	14	O=C(O)c1cc2cc([O-])c(O)cc2[nH]1
RE3201C.rxn	14	O=C1C=c2cc(C(=O)[O-])[nH]c2=CC1=O
RE3259R.rxn	21	CCCCC/C=C\CC1OC1CCCCCCCC(=O)[O-]
RE3259R.rxn	22	CCCCC/C=C\CC(O)C(O)CCCCCCCC(=O)[O-]
RE3344X.rxn	71	CCCCC(O)/C=C/CC/C=C/C=C/CCC(=O)C/C=C/C(=O)SCCN=C([O-])CCN=C([O-])C(O)C(C)(C)COP(=O)(O)OP(=O)(O)OCC1OC(n2cnc3c(N)ncnc32)C(O)C1OP(=O)([O-])[O-]
RE3344X.rxn	72	CCCCC/C=C/CC(O)/C=C/C=C/CCC(=O)CC(O)CC(=O)SCCN=C([O-])CCN=C([O-])C(O)C(C)(C)COP(=O)(O)OP(=O)(O)OCC1OC(n2cnc3c(N)ncnc32)C(O)C1OP(=O)([O-])[O-]
RE3435C.rxn	26	O=C([O-])CCCC(O)/C=C\C=C\CCC(O)C/C=C\CCCCC(O)O
RE3435C.rxn	27	O=C([O-])CCCC(O)/C=C\C=C\CCC(O)C/C=C\CCCCC(O)(O)O
RE3494C.rxn	43	CC/C=C\C/C=C\C\C=C/C=C/C=C/C(SCC(N=C([O-])CCC(N)C(=O)O)C(O)=NCC(=O)O)C(O)CCCC(=O)[O-]
RE3494C.rxn	10	NC(CCC(=O)[O-])C(=O)O
RE3494C.rxn	34	CC/C=C\C/C=C\C\C=C/C=C/C=C/C(SCC(N)C(O)=NCC(=O)O)C(O)CCCC(=O)[O-]
RE3560X.rxn	24	O=C([O-])CC/C=C\CC(O)/C=C/C=C/C=C\C(O)CCCC(=O)[O-]
RETINOL_CIS_9trr.rxn	21	CC1=C(/C=C/C(C)=C\C=C\C(C)=C\CO)C(C)(C)CCC1
RN0029C.rxn	22	Cc1c2ccccc2c(C)c2c3c(ccc12)C(O)C(O)C=C3
RN0029C.rxn	23	Cc1c2ccccc2c(C)c2c3c(ccc12)C(O)C(O)C1OC31
RTOTALCRNCPT2.rxn	14	C[N+](C)(C)CC(CC(=O)O)OC(=O)[Te-]
RTOTALCRNCPT2.rxn	51	CC(C)(COP(=O)(O)OP(=O)(O)OCC1OC(n2cnc3c(N)ncnc32)C(O)C1OP(=O)([O-])[O-])C(O)C([O-])=NCCC([O-])=NCCSC(=O)[TeH]
SADT.rxn	5	O=S(=O)([O-])[O-]
SADT.rxn	27	Nc1ncnc2c1ncn2C1OC(COP(=O)([O-])OS(=O)(=O)[O-])C(O)C1O
SEBCDMTCOAHLm.rxn	16	CC(CCCC(C)CC(=O)[O-])CCC(=O)[O-]
SERTRPHISt.rxn	31	NC(CO)C(O)=NC(Cc1c[nH]c2ccccc12)C(O)=NC(Cc1cnc[nH]1)C(=O)O
SPHGN1DEOX3OXt2.rxn	20	CCCCCCCCCCCCCCCC(=O)C(C)[NH3+]
SPHINGS_4EN_NAC_1HDCAtlr.rxn	41	CCCCCCCCCCCCC/C=C/[C@@H](O)[C@H](COC(=O)CCCCCCCCCCCCCCC)N=C(C)O
SPMDt.rxn	10	[NH3+]CCCC[NH2+]CCC[NH3+]
T1AMN_A3SULT.rxn	31	Nc1ncnc2c1ncn2C1OC(COP(=O)([O-])OS(=O)(=O)[O-])C(OP(=O)([O-])[O-])C1O
T1AMN_A3SULT.rxn	18	[NH3+]CCc1ccc(Oc2ccc(O)cc2)c(I)c1
T1AMN_A3SULT.rxn	27	Nc1ncnc2c1ncn2C1OC(COP(=O)([O-])[O-])C(OP(=O)([O-])[O-])C1O
T1AMN_A3SULT.rxn	22	NCCc1ccc(Oc2ccc(OS(=O)(=O)O)cc2)c(I)c1
TECSACRNt.rxn	36	CCCCCCCCCCCCCCCCCCCCCCCC(=O)OC(CC(=O)[O-])C[N+](C)(C)C
TEDCA3ZCOAHLx.rxn	63	CCCCCCCCCC/C=C\CC(=O)SCCN=C([O-])CCN=C([O-])C(O)C(C)(C)COP(=O)(O)OP(=O)(O)OCC1OC(n2cnc3c(N)ncnc32)C(O)C1OP(=O)([O-])[O-]
TEDCA3ZCOAHLx.rxn	16	CCCCCCCCCC/C=C\CC(=O)[O-]
TEDCA5Z8ZCOAOHFAOXNADmm.rxn	64	CCCCC/C=C\C/C=C\CC(O)CC(=O)SCCN=C([O-])CCN=C([O-])C(O)C(C)(C)COP(=O)(O)OP(=O)(O)OCC1OC(n2cnc3c(N)ncnc32)C(O)C1OP(=O)([O-])[O-]
TEDCA5Z8ZCOAOHFAOXNADmm.rxn	64	CCCCC/C=C\C/C=C\CC(=O)CC(=O)SCCN=C([O-])CCN=C([O-])C(O)C(C)(C)COP(=O)(O)OP(=O)(O)OCC1OC(n2cnc3c(N)ncnc32)C(O)C1OP(=O)([O-])[O-]
TEDCA7Z3OHCOA.rxn	17	CCCCCC/C=C\CCCC(O)CC(=O)[O-]
TEDCA7Z3OHCOA.rxn	64	CCCCCC/C=C\CCCC(O)CC(=O)SCCN=C([O-])CCN=C([O-])C(O)C(C)(C)COP(=O)(O)OP(=O)(O)OCC1OC(n2cnc3c(N)ncnc32)C(O)C1OP(=O)([O-])[O-]
TEDCACOAEATREVm.rxn	26	CCCCCCCC/C=C\CCCC(=O)OC(CC(=O)[O-])C[N+](C)(C)C
TEDCACOAEATREVm.rxn	63	CCCCCCCCCCC/C=C/C(=O)SCCN=C([O-])CCN=C([O-])C(O)C(C)(C)COP(=O)(O)OP(=O)(O)OCC1OC(n2cnc3c(N)ncnc32)C(O)C1OP(=O)([O-])[O-]
TEDCDATMTCOAOHFAOXNADm.rxn	69	CC(CCCC(C)CC(=O)[O-])CCCC(C)C(=O)CC(=O)SCCN=C([O-])CCN=C([O-])C(O)C(C)(C)COP(=O)(O)OP(=O)(O)OCC1OC(n2cnc3c(N)ncnc32)C(O)C1OP(=O)([O-])[O-]
THMPPtm.rxn	26	Cc1ncc(C[n+]2csc(CCOP(=O)([O-])OP(=O)([O-])[O-])c2C)c(=N)[nH]1
THYOX_LDCL.rxn	24	NC(Cc1cc(I)c(Oc2cc(I)c(O)c(I)c2)c(I)c1)C(=O)O
THYOX_LDCL.rxn	21	[NH3+]CCc1cc(I)c(Oc2cc(I)c(O)c(I)c2)c(I)c1
TMLYStd.rxn	13	C[N+](C)(C)CCCCC([NH3+])C(=O)[O-]
TRPILELYSt.rxn	32	CCC(C)C(N=C(O)C(N)Cc1c[nH]c2ccccc12)C(O)=NC(CCCC[NH3+])C(=O)O
TSTSTERONESt.rxn	25	C[C@]12CC[C@H]3[C@@H](CCC4=CC(=O)CC[C@@]43C)[C@@H]1CC[C@@H]2OS(=O)(=O)[O-]
TYRDOPO3.rxn	14	NC(Cc1ccc(O)c(O)c1)C(=O)O
TYRDOPO3.rxn	14	NC(CC1=CC(=O)C(=O)C=C1)C(=O)O
UDPtrr.rxn	25	O=c1nc([O-])ccn1[C@@H]1O[C@H](COP(=O)(O)OP(=O)([O-])[O-])[C@@H](O)[C@H]1O
UREAt5.rxn	5	[H]/N=C(/N)O
VALTAm.rxn	8	CC(C)C(=O)C(=O)[O-]
VITD325OGLCURtrr.rxn	41	C=C1CCC(O)C/C1=C/C=C1\CCCC2(C)C1CCC2C(C)CCCC(C)(C)OC1OC(C(=O)[O-])C(O)C(O)C1O
VITEAONCOXtlr.rxn	25	Cc1c(C)c2c(c(C)c1O)CCC(C)(CCCC(C)CCC(=O)[O-])O2
VITEBTENALCt.rxn	31	C/C(=C\CC/C(C)=C/CC/C(C)=C/CCC1(C)CCc2c(C)c(O)cc(C)c2O1)CO
XOL25OHtnr.rxn	29	CC(CCCC(C)(C)O)C1CCC2C3CC=C4CC(O)CCC4(C)C3CCC12C
XOL7BOHALCtmr.rxn	30	CC(CO)CCCC(C)C1CCC2C3C(O)C=C4CC(O)CCC4(C)C3CCC12C
XOLDIOLtmr.rxn	29	CC(C)CCCC(C)C1CCC2C3C(O)C=C4CC(O)CCC4(C)C3CCC12C
r0208.rxn	33	[H]/N=c1/nc([O-])c2ncn(C3OC(COP(=O)([O-])OP(=O)(O)OP(=O)([O-])[O-])C(O)C3O)c2[nH]1
r0208.rxn	40	[H]/N=c1\nc([O-])c2ncn(C3OC(COP(=O)([O-])OP(=O)(O)OC4OC(CO)C(O)C(O)C4O)C(O)C3O)c2[nH]1
r0407.rxn	22	O=C(COP(=O)([O-])[O-])C(O)C(O)C(O)C(O)COP(=O)([O-])[O-]
r0407.rxn	12	O=CC(O)C(O)COP(=O)([O-])[O-]
r0594.rxn	10	NC(CCCC=O)C(=O)O
r0594.rxn	11	NC(CCCC(=O)[O-])C(=O)O
r0708.rxn	32	[H]/N=c1\nc([O-])c(N)c(NCC(=O)C(O)C(O)COP(=O)([O-])OP(=O)(O)OP(=O)([O-])[O-])[nH]1
r0796.rxn	10	OCC1OC(O)C(O)C1O
r0796.rxn	10	OCC(O)C(O)C(O)CO
r0973.rxn	18	CC(C)(CO)C(O)C(O)=NCCC(O)=NCCS
r1259.rxn	20	CC/C=C\C/C=C\C/C=C\CCCCCCCC(=O)[O-]
r1481.rxn	68	CCCCCCCC/C=C\CCCCCC(=O)CC(=O)SCCN=C([O-])CCN=C([O-])C(O)C(C)(C)COP(=O)(O)OP(=O)(O)OCC1OC(n2cnc3c(N)ncnc32)C(O)C1OP(=O)([O-])[O-]
r1776.rxn	9	CCC(C)C(N)C(=O)O
r2086.rxn	7	CCC(O)C(=O)[O-]
r2086.rxn	6	CC(=O)C(=O)[O-]
r2147.rxn	20	[NH3+]C(CCC(=O)NC(CS)C(=O)NCC(=O)[O-])C(=O)[O-]
r2226.rxn	24	CC12CCC3c4ccc(OS(=O)(=O)[O-])cc4CCC3C1CCC2=O
r2310.rxn	13	[NH3+]CCc1c[nH]c2ccc(O)cc12
r2376.rxn	6	O=C([O-])C(=O)[O-]
